from,to,sign
821,902,1
318,549,1
504,872,1
265,507,1
225,356,1
18,491,1
106,736,1
482,803,1
645,667,1
534,554,1
184,354,1
367,885,1
295,895,1
117,786,1
248,489,1
170,440,1
538,753,1
51,538,1
85,512,1
98,776,1
561,664,1
317,804,1
331,798,1
108,869,1
708,997,1
309,640,1
12,707,1
19,346,1
55,902,1
528,838,1
53,821,1
22,834,1
101,543,1
756,932,1
723,831,1
625,954,1
213,385,1
78,441,1
739,828,1
461,975,1
533,975,1
213,516,1
428,458,1
151,512,1
143,932,1
615,881,1
804,964,1
20,809,1
4,647,1
350,628,1
940,976,1
799,933,1
60,982,1
397,647,1
175,458,1
338,741,1
389,411,1
409,499,1
52,277,1
304,360,1
786,917,1
127,266,1
463,860,1
429,865,1
141,695,1
8,620,1
588,643,1
275,381,1
325,684,1
245,817,1
381,963,1
260,401,1
131,344,1
411,439,1
246,790,1
209,666,1
99,448,1
67,776,1
647,994,1
337,575,1
796,858,1
311,633,1
527,615,1
342,369,1
87,294,1
71,950,1
32,94,1
32,716,1
45,709,1
49,549,1
378,486,1
58,705,1
431,519,1
713,999,1
435,447,1
482,731,1
334,363,1
8,711,1
576,796,1
771,923,1
99,936,1
262,364,1
258,538,1
328,480,1
176,991,1
471,537,1
49,548,1
234,599,1
130,183,1
119,621,1
762,891,1
695,971,1
329,884,1
374,752,1
347,463,1
129,319,1
612,919,1
287,796,1
337,514,1
335,724,1
60,338,1
655,780,1
277,378,1
165,605,1
359,421,1
430,471,1
409,530,1
708,947,1
14,953,1
96,761,1
227,951,1
312,707,1
147,740,1
668,880,1
524,885,1
366,945,1
717,935,1
338,513,1
346,545,1
315,565,1
138,638,1
566,636,1
39,175,1
859,974,1
50,416,1
390,632,1
646,882,1
474,961,1
242,871,1
314,559,1
710,766,1
303,817,1
342,901,1
446,812,1
634,805,1
874,942,1
338,417,1
505,601,1
308,691,1
79,765,1
303,424,1
313,480,1
97,945,1
719,852,1
62,311,1
88,370,1
427,502,1
99,386,1
58,90,1
468,720,1
273,577,1
230,790,1
128,215,1
99,336,1
100,948,1
169,250,1
387,579,1
480,738,1
460,523,1
362,462,1
320,500,1
838,928,1
485,516,1
4,409,1
44,654,1
264,717,1
448,649,1
368,873,1
332,343,1
42,674,1
37,216,1
72,109,1
20,662,1
451,827,1
171,222,1
552,607,1
241,800,1
751,915,1
707,840,1
235,412,1
775,894,1
537,935,1
723,985,1
282,800,1
633,690,1
478,736,1
925,937,1
613,761,1
514,627,1
453,726,1
307,412,1
355,653,1
924,954,1
8,10,1
245,434,1
459,682,1
139,900,1
263,327,1
545,849,1
340,741,1
259,862,1
176,594,1
85,875,1
31,276,1
269,455,1
152,742,1
55,921,1
275,308,1
157,268,1
232,999,1
102,125,1
703,947,1
172,619,1
93,595,1
743,920,1
134,825,1
706,961,1
284,456,1
305,528,1
71,387,1
39,920,1
416,441,1
594,693,1
456,602,1
845,898,1
62,875,1
26,266,1
62,714,1
177,633,1
80,444,1
920,933,1
400,973,1
27,703,1
271,919,1
591,704,1
29,349,1
653,765,1
408,871,1
296,680,1
443,839,1
228,502,1
73,500,1
355,802,1
222,225,1
21,443,1
45,395,1
322,813,1
568,696,1
143,632,1
275,883,1
177,826,1
159,472,1
277,773,1
223,901,1
116,532,1
136,880,1
28,953,1
88,252,1
59,328,1
820,904,1
99,267,1
772,946,1
101,915,1
398,881,1
268,406,1
52,143,1
427,965,1
173,647,1
767,859,1
88,766,1
392,858,1
304,401,1
346,988,1
718,761,1
40,903,1
420,555,1
180,450,1
194,614,1
166,677,1
582,673,1
49,862,1
258,748,1
348,892,1
354,536,1
180,838,1
412,476,1
588,807,1
332,754,1
179,502,1
632,848,1
558,799,1
265,366,1
153,163,1
177,228,1
95,855,1
191,936,1
31,665,1
221,901,1
264,589,1
34,782,1
328,863,1
212,529,1
86,903,1
644,764,1
31,813,1
123,600,1
41,299,1
775,901,1
119,493,1
493,531,1
0,470,1
464,611,1
612,750,1
546,606,1
43,736,1
323,980,1
202,501,1
121,953,1
274,839,1
37,604,1
415,500,1
263,837,1
358,568,1
271,867,1
104,633,1
54,553,1
22,476,1
448,544,1
80,814,1
145,614,1
217,527,1
57,517,1
267,907,1
352,383,1
27,496,1
459,782,1
169,524,1
167,351,1
100,999,1
358,429,1
424,587,1
505,845,1
126,694,1
188,897,1
180,535,1
189,752,1
146,941,1
97,667,1
520,834,1
701,755,1
654,728,1
7,730,1
22,918,1
251,747,1
136,971,1
853,939,1
137,371,1
584,941,1
21,358,1
453,557,1
26,267,1
456,595,1
538,675,1
601,728,1
395,846,1
969,998,1
451,652,1
65,820,1
728,868,1
70,469,1
735,810,1
377,983,1
431,725,1
789,935,1
235,724,1
876,950,1
370,927,1
27,891,1
562,865,1
578,777,1
257,441,1
298,641,1
177,599,1
432,899,1
19,65,1
109,442,1
373,466,1
462,720,1
556,565,1
330,818,1
45,213,1
35,373,1
581,910,1
301,761,1
869,886,1
193,810,1
136,365,1
549,993,1
286,978,1
450,809,1
218,816,1
44,750,1
100,566,1
366,538,1
333,739,1
90,694,1
807,990,1
307,610,1
74,497,1
228,241,1
393,814,1
536,587,1
720,937,1
8,44,1
330,909,1
342,979,1
312,421,1
87,564,1
49,785,1
325,785,1
46,983,1
338,612,1
444,701,1
301,798,1
548,798,1
325,837,1
97,575,1
10,337,1
730,883,1
229,517,1
200,913,1
626,985,1
162,421,1
241,620,1
270,701,1
508,669,1
129,792,1
373,531,1
239,887,1
24,986,1
594,697,1
705,849,1
519,536,1
749,955,1
61,714,1
522,555,1
90,480,1
310,753,1
342,595,1
622,771,1
188,650,1
223,261,1
122,749,1
172,890,1
36,666,1
61,478,1
626,921,1
300,987,1
291,911,1
11,760,1
818,987,1
117,860,1
789,793,1
23,51,1
368,419,1
7,145,1
6,243,1
48,593,1
755,790,1
249,594,1
741,886,1
241,434,1
323,857,1
210,726,1
573,635,1
347,900,1
527,549,1
372,982,1
365,645,1
117,290,1
122,848,1
63,132,1
34,760,1
448,565,1
235,667,1
267,671,1
118,861,1
121,817,1
352,459,1
831,967,1
175,892,1
413,870,1
180,707,1
270,942,1
68,934,1
408,533,1
376,884,1
682,886,1
246,408,1
621,631,1
63,897,1
695,881,1
639,944,1
135,415,1
779,841,1
147,933,1
190,500,1
76,698,1
535,772,1
490,494,1
690,806,1
121,559,1
289,403,1
59,192,1
73,979,1
112,303,1
184,581,1
461,618,1
24,154,1
62,268,1
154,468,1
384,706,1
686,778,1
187,214,1
678,686,1
73,261,1
93,837,1
222,871,1
2,439,1
469,894,1
17,138,1
157,838,1
723,878,1
210,633,1
111,160,1
540,575,1
634,698,1
430,739,1
70,956,1
120,928,1
743,776,1
1,512,1
31,198,1
638,813,1
39,996,1
707,797,1
319,443,1
41,819,1
824,910,1
25,971,1
155,786,1
420,921,1
597,687,1
817,877,1
494,549,1
335,992,1
695,824,1
561,775,1
7,922,1
776,798,1
147,418,1
232,471,1
372,892,1
664,915,1
256,690,1
273,857,1
559,878,1
631,889,1
159,356,1
908,960,1
769,872,1
319,468,1
422,578,1
303,959,1
139,330,1
256,870,1
72,863,1
85,915,1
713,902,1
193,960,1
204,582,1
69,318,1
487,766,1
87,377,1
319,394,1
98,559,1
48,145,1
41,551,1
388,817,1
98,703,1
573,971,1
456,571,1
525,771,1
169,675,1
580,768,1
433,895,1
98,939,1
145,722,1
392,559,1
571,730,1
639,982,1
143,738,1
436,818,1
455,948,1
478,549,1
477,801,1
412,718,1
47,963,1
76,733,1
571,969,1
746,975,1
796,803,1
370,777,1
311,498,1
690,876,1
172,780,1
458,677,1
219,987,1
99,975,1
471,718,1
357,829,1
121,132,1
535,626,1
159,383,1
12,690,1
830,835,1
613,934,1
575,870,1
746,899,1
130,171,1
41,468,1
485,902,1
47,278,1
44,667,1
40,635,1
134,189,1
106,171,1
386,762,1
675,760,1
9,905,1
726,799,1
343,356,1
575,854,1
652,794,1
33,295,1
382,579,1
504,938,1
587,623,1
324,518,1
489,824,1
549,969,1
567,967,1
404,678,1
620,995,1
585,717,1
249,726,1
265,917,1
549,808,1
514,553,1
375,907,1
319,871,1
348,366,1
463,726,1
718,785,1
393,614,1
286,559,1
178,808,1
68,703,1
708,824,1
359,833,1
70,944,1
770,844,1
61,156,1
410,887,1
676,789,1
395,524,1
128,512,1
542,599,1
594,829,1
10,630,1
243,477,1
43,660,1
373,804,1
115,198,1
374,390,1
15,86,1
120,210,1
212,993,1
328,594,1
622,668,1
215,216,1
138,472,1
367,589,1
912,993,1
466,829,1
278,691,1
414,558,1
300,324,1
185,337,1
189,470,1
673,981,1
596,983,1
205,548,1
422,789,1
483,535,1
724,818,1
72,911,1
844,853,1
597,934,1
704,809,1
320,970,1
193,862,1
516,828,1
211,722,1
4,95,1
9,546,1
202,611,1
181,644,1
54,726,1
926,957,1
200,674,1
48,343,1
34,624,1
196,769,1
770,783,1
566,625,1
217,344,1
157,603,1
297,923,1
484,926,1
555,620,1
539,697,1
413,606,1
597,985,1
812,972,1
478,697,1
541,986,1
16,651,1
19,675,1
421,454,1
34,569,1
232,544,1
454,819,1
202,710,1
240,441,1
108,481,1
3,468,1
321,464,1
285,725,1
536,694,1
106,929,1
603,872,1
94,541,1
304,949,1
470,670,1
303,427,1
217,596,1
190,583,1
126,655,1
97,149,1
235,756,1
773,995,1
705,797,1
170,454,1
345,619,1
314,482,1
166,617,1
207,809,1
162,736,1
557,707,1
675,989,1
77,711,1
148,323,1
220,535,1
13,717,1
3,16,1
612,663,1
128,932,1
218,851,1
363,520,1
63,909,1
354,566,1
17,669,1
616,771,1
483,533,1
98,480,1
85,652,1
730,913,1
29,697,1
305,681,1
220,722,1
150,545,1
199,737,1
10,13,1
247,250,1
667,902,1
391,886,1
659,788,1
36,195,1
17,98,1
723,763,1
67,536,1
534,891,1
146,248,1
448,644,1
116,183,1
307,833,1
19,321,1
550,793,1
287,722,1
29,549,1
14,89,1
548,850,1
77,103,1
33,346,1
233,627,1
147,961,1
641,936,1
270,521,1
352,826,1
758,831,1
866,981,1
26,323,1
183,884,1
544,555,1
437,759,1
41,105,1
133,199,1
97,425,1
122,901,1
257,944,1
89,383,1
546,588,1
457,488,1
313,754,1
133,513,1
176,761,1
54,791,1
225,838,1
484,493,1
147,945,1
665,906,1
273,528,1
320,807,1
763,803,1
329,353,1
905,923,1
241,306,1
100,734,1
827,927,1
579,864,1
74,916,1
28,772,1
206,606,1
467,665,1
33,638,1
41,700,1
422,947,1
288,325,1
200,686,1
216,552,1
432,901,1
25,848,1
336,689,1
5,641,1
23,55,1
309,868,1
39,394,1
320,474,1
440,780,1
832,839,1
533,595,1
277,657,1
441,904,1
41,110,1
458,999,1
307,785,1
319,635,1
8,84,1
58,463,1
21,167,1
87,505,1
264,465,1
345,893,1
692,936,1
572,834,1
161,169,1
337,910,1
379,987,1
71,519,1
453,913,1
46,184,1
460,948,1
23,845,1
735,998,1
455,514,1
53,259,1
167,679,1
36,879,1
151,877,1
311,465,1
152,753,1
469,575,1
412,922,1
378,929,1
907,946,1
167,901,1
676,864,1
286,468,1
469,842,1
325,665,1
556,735,1
237,737,1
292,790,1
192,261,1
45,603,1
274,358,1
128,931,1
31,124,1
309,441,1
205,979,1
183,821,1
176,558,1
546,889,1
173,976,1
341,412,1
659,840,1
279,464,1
14,433,1
146,432,1
231,333,1
732,884,1
288,469,1
9,175,1
529,594,1
861,873,1
19,514,1
376,461,1
894,965,1
385,438,1
58,780,1
43,841,1
429,771,1
286,907,1
487,701,1
93,609,1
249,423,1
36,727,1
384,783,1
442,703,1
18,26,1
4,884,1
224,544,1
389,463,1
120,872,1
466,600,1
610,918,1
333,508,1
605,780,1
608,858,1
786,843,1
820,919,1
253,872,1
159,988,1
118,761,1
9,624,1
99,979,1
379,531,1
145,885,1
189,893,1
399,712,1
26,360,1
573,835,1
458,801,1
633,734,1
267,490,1
296,490,1
643,982,1
57,631,1
139,501,1
403,975,1
715,787,1
401,729,1
597,715,1
192,831,1
151,306,1
138,165,1
428,722,1
245,719,1
357,391,1
408,771,1
48,873,1
638,878,1
411,454,1
500,771,1
83,377,1
99,602,1
299,411,1
49,441,1
477,494,1
157,520,1
392,513,1
145,387,1
341,856,1
231,907,1
234,642,1
21,493,1
664,799,1
399,899,1
423,986,1
477,685,1
236,534,1
663,897,1
666,902,1
248,853,1
93,785,1
282,396,1
18,329,1
312,963,1
70,337,1
721,825,1
269,545,1
158,700,1
153,649,1
871,875,1
518,644,1
424,497,1
547,862,1
264,517,1
306,484,1
197,776,1
449,658,1
120,455,1
216,338,1
854,933,1
442,948,1
874,902,1
550,740,1
701,923,1
115,435,1
662,771,1
176,513,1
51,282,1
84,829,1
83,992,1
229,641,1
289,822,1
371,932,1
159,576,1
640,868,1
76,254,1
121,966,1
389,914,1
522,709,1
281,506,1
846,994,1
67,453,1
34,810,1
143,552,1
158,414,1
317,643,1
204,743,1
961,975,1
393,755,1
235,394,1
312,915,1
329,603,1
362,834,1
370,728,1
273,824,1
394,583,1
3,641,1
496,917,1
342,632,1
142,884,1
220,332,1
509,710,1
14,976,1
695,961,1
303,458,1
868,984,1
761,973,1
133,549,1
52,67,1
244,742,1
566,620,1
427,800,1
269,963,1
233,328,1
576,872,1
86,827,1
449,971,1
300,613,1
511,919,1
259,460,1
98,507,1
404,474,1
30,995,1
522,543,1
93,765,1
386,814,1
182,548,1
198,199,1
102,899,1
179,367,1
461,528,1
211,779,1
111,268,1
620,939,1
503,792,1
227,397,1
48,749,1
198,914,1
123,984,1
1,707,1
195,363,1
116,155,1
137,590,1
48,144,1
441,843,1
860,966,1
488,756,1
956,989,1
166,217,1
570,852,1
322,879,1
278,920,1
43,719,1
35,190,1
313,372,1
524,674,1
157,551,1
248,680,1
606,668,1
529,617,1
67,812,1
62,671,1
144,931,1
48,833,1
296,997,1
378,730,1
96,970,1
934,997,1
104,627,1
277,898,1
290,532,1
128,552,1
464,644,1
77,910,1
60,352,1
409,879,1
874,901,1
718,949,1
6,714,1
223,566,1
183,598,1
177,520,1
835,861,1
212,728,1
614,760,1
670,924,1
535,788,1
134,968,1
375,499,1
155,622,1
5,871,1
182,991,1
296,866,1
381,590,1
23,339,1
59,850,1
453,767,1
731,941,1
744,972,1
926,943,1
79,595,1
116,669,1
708,808,1
247,532,1
72,130,1
708,993,1
156,286,1
37,607,1
623,789,1
462,662,1
472,776,1
67,842,1
670,745,1
80,769,1
734,953,1
64,454,1
620,837,1
632,839,1
93,780,1
899,976,1
487,888,1
535,579,1
181,936,1
3,47,1
390,494,1
58,80,1
341,951,1
161,582,1
137,615,1
448,608,1
248,427,1
184,388,1
466,702,1
190,567,1
449,753,1
160,199,1
639,978,1
244,751,1
50,363,1
295,371,1
181,721,1
394,437,1
136,918,1
519,827,1
650,893,1
474,927,1
402,596,1
396,462,1
603,925,1
115,599,1
201,845,1
112,388,1
8,838,1
444,907,1
195,708,1
487,495,1
69,95,1
571,626,1
478,727,1
200,747,1
329,574,1
283,674,1
76,430,1
240,950,1
315,857,1
303,581,1
178,978,1
82,586,1
46,718,1
144,384,1
656,713,1
504,777,1
427,457,1
459,581,1
181,533,1
254,278,1
246,605,1
447,454,1
77,925,1
473,896,1
356,379,1
435,946,1
755,895,1
887,957,1
120,676,1
19,99,1
455,712,1
479,545,1
611,722,1
57,271,1
761,976,1
772,879,1
46,123,1
151,174,1
545,799,1
1,650,1
174,350,1
493,846,1
648,899,1
579,977,1
389,687,1
634,906,1
732,815,1
779,820,1
176,452,1
248,958,1
200,901,1
491,952,1
171,551,1
25,866,1
407,630,1
249,524,1
608,706,1
622,886,1
263,289,1
1,543,1
94,583,1
104,654,1
478,671,1
108,150,1
415,860,1
147,233,1
242,933,1
70,798,1
461,995,1
376,854,1
341,514,1
203,736,1
11,276,1
498,544,1
434,587,1
4,259,1
12,340,1
668,959,1
505,888,1
230,551,1
213,625,1
808,965,1
229,768,1
136,794,1
253,883,1
68,783,1
34,922,1
410,752,1
3,186,1
32,53,1
12,370,1
387,674,1
469,521,1
254,605,1
117,192,1
487,898,1
241,604,1
176,856,1
378,686,1
625,734,1
861,967,1
96,802,1
607,895,1
583,728,1
487,725,1
700,871,1
837,927,1
27,413,1
132,789,1
126,773,1
684,992,1
44,941,1
628,677,1
106,901,1
122,676,1
869,986,1
880,920,1
255,644,1
202,825,1
437,696,1
370,857,1
433,612,1
164,189,1
294,595,1
754,821,1
42,228,1
64,833,1
133,870,1
412,668,1
616,953,1
289,435,1
32,85,1
374,661,1
790,950,1
849,907,1
144,925,1
706,731,1
73,893,1
230,843,1
767,895,1
794,966,1
289,798,1
231,809,1
71,893,1
127,973,1
165,472,1
181,203,1
416,912,1
537,728,1
885,901,1
27,220,1
103,898,1
470,673,1
759,819,1
102,809,1
507,823,1
545,678,1
139,831,1
783,837,1
741,835,1
368,483,1
436,446,1
132,648,1
261,876,1
473,650,1
603,750,1
238,544,1
362,645,1
244,977,1
465,969,1
505,899,1
132,852,1
472,705,1
74,97,1
905,934,1
613,701,1
237,475,1
82,866,1
870,911,1
230,628,1
513,754,1
79,280,1
397,494,1
483,882,1
325,617,1
540,935,1
644,991,1
770,928,1
253,987,1
20,495,1
227,949,1
260,516,1
129,626,1
142,517,1
5,591,1
880,983,1
510,859,1
462,608,1
299,981,1
142,553,1
160,230,1
399,929,1
9,972,1
473,684,1
168,533,1
464,953,1
473,731,1
35,471,1
314,546,1
209,696,1
744,829,1
274,681,1
562,931,1
286,529,1
589,792,1
496,967,1
153,535,1
373,684,1
75,814,1
619,987,1
340,567,1
356,962,1
172,732,1
359,885,1
104,656,1
423,921,1
230,792,1
143,236,1
409,899,1
450,453,1
584,770,1
354,488,1
376,724,1
53,936,1
365,787,1
733,960,1
165,823,1
301,744,1
423,448,1
46,120,1
402,937,1
31,51,1
260,600,1
107,325,1
418,720,1
687,881,1
268,476,1
40,323,1
247,959,1
2,280,1
62,479,1
127,657,1
117,139,1
286,590,1
955,956,1
706,726,1
550,724,1
250,325,1
374,596,1
847,903,1
619,741,1
532,701,1
543,723,1
39,469,1
437,663,1
546,717,1
263,281,1
383,716,1
42,388,1
153,885,1
226,360,1
824,870,1
437,877,1
33,532,1
124,212,1
138,439,1
424,449,1
60,334,1
413,637,1
442,927,1
303,887,1
358,800,1
400,654,1
30,95,1
224,266,1
41,467,1
626,903,1
887,894,1
103,870,1
171,740,1
549,906,1
258,483,1
388,937,1
1,585,1
405,773,1
309,971,1
369,922,1
717,858,1
1,126,1
271,742,1
360,774,1
463,678,1
414,685,1
674,994,1
190,709,1
304,308,1
158,520,1
386,568,1
99,339,1
32,596,1
863,909,1
878,945,1
408,573,1
429,609,1
385,776,1
459,845,1
30,820,1
352,916,1
23,273,1
469,852,1
85,553,1
521,944,1
118,940,1
61,387,1
334,518,1
427,614,1
245,452,1
805,821,1
229,688,1
118,175,1
118,521,1
384,939,1
661,693,1
91,850,1
74,443,1
353,371,1
525,755,1
812,936,1
416,745,1
378,775,1
67,83,1
447,793,1
537,791,1
399,863,1
696,719,1
722,909,1
278,930,1
389,958,1
323,396,1
44,925,1
624,933,1
512,606,1
473,596,1
562,669,1
164,599,1
433,999,1
56,945,1
103,968,1
409,468,1
165,664,1
384,842,1
512,895,1
781,829,1
212,837,1
93,895,1
85,239,1
46,131,1
18,264,1
360,781,1
280,409,1
16,330,1
203,527,1
235,860,1
724,846,1
510,668,1
198,239,1
281,284,1
580,747,1
189,737,1
515,562,1
707,934,1
342,818,1
657,678,1
825,942,1
412,956,1
413,483,1
104,278,1
544,919,1
482,688,1
471,511,1
201,620,1
522,904,1
204,704,1
305,840,1
323,454,1
211,254,1
6,523,1
198,394,1
196,966,1
555,708,1
96,377,1
182,843,1
99,752,1
139,805,1
381,577,1
84,981,1
97,793,1
830,929,1
48,127,1
10,308,1
459,871,1
504,687,1
9,463,1
3,888,1
448,597,1
82,107,1
543,804,1
484,701,1
115,745,1
220,851,1
904,998,1
323,734,1
149,369,1
472,999,1
468,805,1
733,854,1
243,536,1
444,615,1
400,741,1
13,752,1
72,808,1
74,478,1
502,820,1
46,619,1
3,509,1
118,551,1
127,158,1
34,199,1
503,724,1
460,867,1
936,971,1
674,986,1
488,495,1
301,563,1
307,908,1
342,803,1
518,631,1
217,422,1
70,594,1
151,441,1
797,897,1
277,895,1
705,868,1
287,690,1
730,921,1
309,440,1
278,761,1
230,953,1
416,438,1
670,682,1
82,383,1
747,845,1
456,725,1
217,676,1
402,575,1
435,872,1
184,229,1
216,613,1
126,466,1
262,782,1
521,569,1
222,284,1
672,730,1
344,710,1
309,858,1
71,98,1
14,659,1
429,754,1
700,967,1
251,329,1
618,743,1
218,258,1
425,846,1
136,748,1
481,908,1
101,432,1
37,485,1
4,648,1
875,917,1
250,624,1
82,806,1
230,500,1
199,665,1
188,423,1
666,713,1
28,406,1
362,977,1
745,792,1
982,994,1
459,789,1
60,716,1
301,557,1
249,765,1
58,567,1
419,536,1
129,611,1
281,728,1
239,250,1
404,815,1
465,859,1
683,969,1
93,472,1
122,268,1
873,883,1
688,776,1
80,829,1
393,952,1
33,719,1
76,705,1
575,952,1
387,817,1
137,244,1
219,948,1
61,935,1
33,389,1
173,250,1
283,783,1
62,219,1
55,910,1
8,407,1
334,438,1
580,674,1
82,891,1
286,827,1
365,713,1
144,818,1
112,664,1
152,521,1
75,397,1
151,171,1
506,713,1
240,398,1
942,985,1
64,564,1
763,879,1
538,635,1
174,876,1
53,484,1
522,526,1
0,417,1
79,291,1
125,635,1
214,236,1
232,328,1
505,590,1
553,926,1
75,841,1
470,726,1
214,576,1
257,982,1
605,627,1
373,655,1
769,891,1
581,677,1
138,840,1
264,536,1
217,787,1
62,927,1
108,635,1
408,634,1
290,838,1
202,210,1
147,298,1
427,527,1
74,981,1
39,511,1
6,171,1
792,929,1
453,758,1
742,854,1
687,755,1
810,872,1
67,648,1
27,347,1
515,855,1
213,327,1
687,782,1
17,452,1
387,510,1
349,447,1
50,949,1
552,833,1
131,265,1
483,873,1
75,373,1
220,340,1
22,82,1
83,326,1
137,337,1
268,636,1
323,356,1
250,615,1
219,327,1
472,616,1
165,559,1
203,578,1
293,447,1
155,951,1
167,451,1
232,939,1
328,711,1
578,876,1
81,455,1
27,187,1
131,616,1
399,969,1
78,333,1
103,442,1
438,964,1
462,487,1
586,827,1
216,292,1
77,365,1
361,644,1
105,699,1
516,766,1
365,992,1
509,825,1
679,995,1
72,231,1
845,972,1
139,449,1
235,333,1
477,478,1
576,998,1
455,652,1
541,723,1
4,928,1
407,943,1
577,935,1
131,610,1
106,705,1
429,777,1
242,691,1
575,966,1
361,419,1
330,798,1
97,875,1
194,940,1
103,764,1
183,541,1
678,903,1
307,552,1
58,922,1
264,514,1
720,932,1
133,858,1
638,899,1
786,906,1
264,653,1
31,168,1
372,798,1
150,189,1
249,689,1
565,972,1
91,898,1
884,999,1
286,794,1
151,940,1
184,854,1
640,989,1
682,819,1
487,999,1
508,755,1
100,285,1
316,948,1
159,999,1
331,885,1
109,502,1
157,549,1
103,795,1
627,729,1
24,316,1
424,562,1
289,820,1
352,412,1
462,959,1
645,823,1
340,577,1
147,777,1
159,279,1
829,834,1
201,458,1
287,985,1
448,728,1
528,924,1
856,863,1
343,554,1
507,905,1
77,836,1
97,521,1
51,522,1
61,835,1
39,314,1
73,795,1
200,505,1
122,978,1
647,673,1
14,927,1
44,145,1
66,218,1
147,681,1
55,976,1
129,899,1
396,656,1
377,616,1
280,794,1
81,122,1
547,764,1
394,458,1
695,854,1
368,377,1
418,888,1
633,768,1
315,764,1
608,739,1
256,837,1
954,983,1
11,205,1
401,674,1
681,999,1
535,993,1
753,963,1
946,975,1
266,807,1
215,344,1
151,446,1
106,862,1
420,550,1
708,907,1
511,602,1
308,678,1
747,945,1
121,215,1
67,656,1
68,295,1
117,745,1
715,730,1
277,807,1
635,638,1
468,981,1
237,345,1
520,527,1
206,992,1
168,351,1
54,835,1
174,374,1
116,432,1
66,796,1
283,828,1
506,842,1
574,580,1
169,237,1
201,449,1
267,336,1
736,824,1
142,409,1
357,507,1
103,293,1
167,881,1
146,461,1
18,956,1
860,871,1
262,929,1
200,999,1
582,877,1
381,853,1
601,751,1
38,933,1
601,975,1
452,956,1
663,682,1
178,714,1
114,329,1
126,891,1
247,314,1
141,736,1
480,690,1
771,966,1
47,600,1
409,497,1
321,403,1
87,656,1
391,447,1
836,868,1
733,813,1
566,711,1
642,857,1
807,981,1
488,971,1
174,548,1
110,133,1
794,809,1
327,929,1
224,615,1
596,730,1
12,196,1
120,693,1
517,926,1
55,638,1
319,407,1
84,489,1
305,785,1
84,776,1
406,643,1
113,711,1
73,774,1
166,749,1
454,473,1
101,103,1
382,871,1
75,351,1
240,375,1
383,709,1
135,311,1
353,875,1
132,490,1
509,635,1
122,410,1
3,688,1
386,749,1
126,851,1
632,866,1
91,166,1
392,947,1
186,345,1
395,890,1
180,886,1
105,364,1
435,867,1
158,451,1
444,494,1
440,609,1
472,723,1
349,507,1
230,532,1
472,543,1
183,412,1
185,918,1
710,906,1
9,608,1
785,803,1
381,839,1
559,797,1
206,488,1
81,509,1
169,521,1
261,264,1
246,288,1
177,881,1
415,789,1
290,439,1
278,327,1
147,696,1
174,824,1
491,511,1
95,545,1
444,945,1
306,529,1
496,959,1
38,160,1
26,937,1
426,774,1
662,990,1
24,854,1
111,926,1
220,893,1
621,624,1
200,741,1
84,785,1
78,245,1
75,918,1
128,408,1
139,946,1
309,457,1
443,647,1
371,763,1
91,290,1
89,551,1
622,901,1
757,980,1
782,992,1
628,995,1
265,691,1
142,605,1
42,53,1
352,933,1
541,657,1
537,594,1
650,716,1
178,557,1
41,664,1
238,985,1
143,163,1
633,936,1
141,910,1
62,986,1
348,352,1
412,484,1
188,730,1
306,605,1
156,574,1
1,540,1
32,564,1
769,967,1
142,696,1
286,388,1
159,480,1
727,945,1
7,105,1
160,557,1
379,713,1
212,501,1
591,745,1
13,106,1
268,521,1
660,821,1
1,941,1
374,785,1
88,570,1
90,543,1
252,502,1
257,774,1
343,614,1
561,628,1
491,856,1
294,357,1
249,597,1
402,971,1
696,924,1
372,421,1
7,830,1
587,973,1
679,933,1
621,940,1
791,977,1
779,897,1
639,850,1
56,974,1
136,262,1
59,461,1
60,326,1
57,150,1
512,815,1
496,909,1
808,949,1
142,182,1
571,946,1
256,792,1
265,481,1
793,811,1
20,659,1
340,832,1
404,979,1
529,923,1
442,557,1
81,220,1
494,715,1
272,397,1
104,738,1
592,913,1
258,509,1
227,375,1
357,830,1
203,795,1
41,148,1
0,667,1
157,366,1
62,490,1
194,536,1
180,745,1
122,683,1
269,765,1
459,850,1
374,451,1
80,81,1
638,678,1
135,808,1
858,955,1
588,637,1
80,894,1
308,910,1
759,961,1
143,337,1
60,463,1
222,389,1
75,992,1
53,726,1
43,113,1
50,759,1
244,951,1
129,893,1
488,908,1
349,704,1
860,930,1
499,838,1
319,714,1
162,285,1
14,201,1
49,542,1
723,727,1
831,887,1
541,806,1
452,533,1
541,566,1
410,664,1
483,711,1
23,705,1
589,939,1
143,745,1
730,837,1
211,790,1
174,833,1
617,781,1
794,804,1
117,626,1
783,867,1
103,426,1
242,597,1
138,401,1
811,932,1
849,851,1
578,666,1
541,889,1
61,150,1
310,699,1
865,966,1
323,332,1
292,988,1
144,848,1
95,249,1
88,945,1
145,361,1
285,842,1
109,484,1
9,324,1
27,225,1
183,609,1
650,728,1
20,987,1
603,820,1
59,829,1
131,296,1
497,968,1
671,680,1
434,953,1
388,648,1
250,739,1
631,692,1
99,251,1
420,652,1
142,826,1
247,497,1
221,779,1
176,875,1
144,751,1
267,477,1
152,564,1
381,653,1
761,899,1
160,179,1
584,659,1
904,943,1
76,786,1
369,456,1
679,773,1
318,441,1
230,726,1
724,942,1
554,896,1
398,417,1
310,372,1
370,526,1
33,778,1
13,574,1
387,857,1
276,712,1
504,815,1
59,669,1
165,654,1
72,753,1
178,432,1
449,761,1
529,794,1
230,422,1
236,855,1
62,471,1
205,618,1
685,696,1
270,275,1
252,522,1
483,825,1
406,681,1
621,998,1
408,734,1
280,892,1
333,971,1
440,589,1
531,864,1
452,508,1
358,932,1
532,538,1
265,494,1
6,522,1
89,575,1
115,672,1
52,569,1
680,882,1
333,554,1
85,249,1
202,757,1
218,636,1
127,390,1
151,500,1
361,979,1
234,557,1
198,628,1
542,665,1
507,935,1
73,796,1
177,801,1
522,718,1
60,616,1
197,967,1
38,852,1
767,981,1
594,711,1
42,654,1
117,195,1
121,251,1
594,936,1
729,944,1
8,548,1
84,926,1
273,894,1
45,833,1
129,335,1
0,833,1
26,570,1
196,364,1
601,747,1
278,515,1
489,779,1
55,606,1
51,517,1
468,641,1
438,674,1
453,883,1
94,619,1
35,966,1
433,826,1
397,725,1
238,264,1
225,994,1
654,989,1
176,606,1
187,769,1
253,391,1
129,415,1
761,950,1
930,993,1
3,685,1
191,423,1
11,657,1
34,953,1
182,457,1
540,799,1
205,432,1
370,834,1
116,865,1
136,267,1
572,906,1
480,948,1
839,890,1
492,582,1
187,380,1
156,911,1
322,481,1
605,772,1
96,516,1
17,353,1
77,990,1
98,456,1
213,585,1
188,235,1
709,835,1
159,637,1
6,543,1
212,496,1
117,252,1
499,562,1
85,203,1
858,964,1
650,866,1
99,254,1
205,350,1
70,247,1
584,779,1
49,850,1
64,930,1
56,818,1
417,485,1
362,796,1
222,578,1
312,430,1
95,551,1
46,655,1
23,144,1
34,549,1
175,704,1
173,219,1
223,277,1
629,723,1
149,516,1
704,909,1
183,568,1
547,844,1
393,425,1
319,697,1
515,803,1
450,634,1
667,941,1
68,520,1
479,901,1
166,489,1
294,431,1
33,790,1
123,720,1
15,622,1
20,700,1
78,893,1
243,961,1
210,279,1
342,794,1
536,756,1
165,552,1
132,911,1
187,411,1
273,499,1
624,825,1
167,718,1
144,350,1
233,776,1
221,430,1
1,780,1
290,731,1
219,624,1
13,815,1
82,969,1
38,766,1
195,922,1
234,977,1
293,402,1
567,807,1
266,794,1
647,725,1
592,863,1
120,644,1
71,705,1
471,788,1
337,340,1
215,228,1
247,271,1
65,686,1
412,736,1
292,478,1
577,734,1
112,258,1
28,619,1
27,465,1
176,535,1
331,491,1
563,641,1
348,696,-1
350,357,-1
247,251,-1
495,767,-1
163,717,-1
541,714,-1
222,227,-1
191,826,-1
425,978,-1
236,451,-1
423,904,-1
341,885,-1
634,683,-1
169,719,-1
735,828,-1
821,925,-1
446,969,-1
268,518,-1
43,430,-1
272,498,-1
223,235,-1
212,726,-1
12,993,-1
784,887,-1
310,496,-1
568,814,-1
492,601,-1
637,953,-1
239,432,-1
486,953,-1
35,560,-1
16,266,-1
321,978,-1
105,993,-1
123,288,-1
252,752,-1
33,735,-1
30,512,-1
420,742,-1
568,771,-1
16,745,-1
174,496,-1
388,398,-1
440,489,-1
349,486,-1
440,782,-1
322,478,-1
280,441,-1
209,364,-1
840,911,-1
216,718,-1
265,556,-1
519,986,-1
312,765,-1
179,366,-1
506,754,-1
184,322,-1
505,685,-1
148,784,-1
700,875,-1
4,384,-1
148,810,-1
143,850,-1
241,544,-1
129,919,-1
174,287,-1
494,971,-1
794,976,-1
616,909,-1
520,836,-1
151,879,-1
33,701,-1
779,790,-1
127,275,-1
20,178,-1
191,983,-1
159,318,-1
72,715,-1
586,762,-1
389,628,-1
536,792,-1
337,619,-1
361,820,-1
95,845,-1
41,789,-1
299,747,-1
445,622,-1
426,475,-1
673,960,-1
659,944,-1
136,808,-1
90,808,-1
157,405,-1
299,766,-1
591,693,-1
33,811,-1
107,550,-1
256,407,-1
142,440,-1
13,403,-1
108,624,-1
420,564,-1
160,488,-1
38,941,-1
530,806,-1
224,565,-1
771,904,-1
98,817,-1
118,654,-1
283,879,-1
106,142,-1
502,905,-1
276,908,-1
404,583,-1
127,314,-1
205,429,-1
481,777,-1
92,738,-1
184,414,-1
37,853,-1
564,751,-1
75,583,-1
46,693,-1
270,705,-1
68,781,-1
407,411,-1
430,827,-1
929,990,-1
325,495,-1
239,891,-1
486,602,-1
166,969,-1
15,990,-1
587,791,-1
3,762,-1
453,538,-1
380,858,-1
420,866,-1
169,891,-1
248,653,-1
233,819,-1
46,164,-1
389,612,-1
317,566,-1
424,597,-1
319,359,-1
355,676,-1
464,745,-1
885,950,-1
147,981,-1
46,747,-1
560,697,-1
387,575,-1
782,981,-1
294,953,-1
115,330,-1
165,170,-1
61,98,-1
4,872,-1
470,496,-1
296,685,-1
75,180,-1
826,843,-1
753,943,-1
102,133,-1
423,456,-1
293,775,-1
483,548,-1
117,137,-1
219,417,-1
132,140,-1
319,520,-1
54,353,-1
245,422,-1
458,682,-1
135,876,-1
65,748,-1
396,461,-1
391,985,-1
384,894,-1
520,716,-1
162,950,-1
122,833,-1
63,384,-1
62,361,-1
159,514,-1
303,508,-1
291,316,-1
53,396,-1
339,789,-1
562,795,-1
92,172,-1
465,569,-1
647,816,-1
434,639,-1
369,665,-1
137,504,-1
103,565,-1
551,919,-1
109,550,-1
106,415,-1
217,734,-1
296,425,-1
396,817,-1
111,778,-1
480,895,-1
867,990,-1
397,808,-1
77,508,-1
29,894,-1
277,347,-1
138,761,-1
17,632,-1
197,345,-1
150,800,-1
362,811,-1
125,546,-1
775,823,-1
119,484,-1
379,960,-1
688,824,-1
124,452,-1
334,572,-1
559,614,-1
15,658,-1
468,727,-1
128,346,-1
196,812,-1
125,293,-1
65,729,-1
236,240,-1
75,986,-1
554,571,-1
70,591,-1
144,998,-1
480,667,-1
65,863,-1
248,467,-1
355,656,-1
275,785,-1
460,637,-1
508,853,-1
87,910,-1
736,945,-1
346,435,-1
174,837,-1
133,302,-1
540,574,-1
52,935,-1
305,438,-1
11,920,-1
329,640,-1
63,442,-1
453,725,-1
18,35,-1
213,444,-1
100,957,-1
518,908,-1
186,435,-1
749,995,-1
246,573,-1
46,159,-1
321,414,-1
398,955,-1
80,985,-1
403,937,-1
752,834,-1
193,270,-1
140,656,-1
422,561,-1
524,814,-1
327,619,-1
466,701,-1
26,251,-1
419,919,-1
612,936,-1
820,973,-1
143,384,-1
213,798,-1
43,825,-1
238,635,-1
347,719,-1
340,386,-1
414,797,-1
154,447,-1
150,694,-1
13,827,-1
387,416,-1
204,883,-1
331,461,-1
95,306,-1
22,105,-1
742,994,-1
383,460,-1
158,462,-1
380,563,-1
239,965,-1
210,919,-1
780,932,-1
702,723,-1
573,755,-1
184,423,-1
92,824,-1
188,565,-1
4,879,-1
426,909,-1
602,854,-1
250,905,-1
552,589,-1
560,868,-1
734,975,-1
357,755,-1
66,258,-1
109,490,-1
548,551,-1
103,760,-1
256,493,-1
474,970,-1
507,749,-1
289,812,-1
91,373,-1
8,891,-1
699,843,-1
548,871,-1
109,885,-1
72,883,-1
748,754,-1
540,970,-1
94,485,-1
9,952,-1
235,719,-1
400,993,-1
267,660,-1
311,890,-1
247,593,-1
124,597,-1
391,992,-1
97,564,-1
423,468,-1
185,737,-1
625,838,-1
771,847,-1
410,739,-1
157,965,-1
366,457,-1
214,271,-1
100,942,-1
421,438,-1
59,750,-1
78,434,-1
651,655,-1
23,360,-1
147,943,-1
150,604,-1
29,392,-1
74,472,-1
489,780,-1
85,725,-1
191,949,-1
155,879,-1
586,666,-1
219,975,-1
374,589,-1
73,829,-1
187,720,-1
101,157,-1
96,466,-1
671,710,-1
493,551,-1
134,803,-1
434,780,-1
279,634,-1
154,358,-1
14,928,-1
391,426,-1
364,477,-1
152,415,-1
903,928,-1
91,604,-1
113,706,-1
415,946,-1
211,535,-1
214,686,-1
555,661,-1
99,893,-1
125,550,-1
165,542,-1
120,535,-1
201,547,-1
794,838,-1
509,920,-1
533,665,-1
181,679,-1
335,503,-1
116,545,-1
240,662,-1
170,335,-1
713,747,-1
513,710,-1
248,640,-1
42,403,-1
161,878,-1
176,938,-1
259,559,-1
310,583,-1
626,822,-1
387,604,-1
420,673,-1
52,979,-1
253,699,-1
406,463,-1
337,384,-1
740,820,-1
21,990,-1
254,496,-1
201,976,-1
241,900,-1
233,824,-1
18,923,-1
172,472,-1
90,936,-1
72,901,-1
366,711,-1
420,854,-1
21,32,-1
649,932,-1
611,750,-1
733,875,-1
647,817,-1
143,668,-1
69,470,-1
30,409,-1
689,746,-1
156,963,-1
250,587,-1
403,671,-1
119,752,-1
56,634,-1
491,908,-1
596,705,-1
304,838,-1
182,867,-1
628,866,-1
555,687,-1
343,708,-1
167,765,-1
619,949,-1
555,679,-1
306,886,-1
671,690,-1
398,618,-1
426,949,-1
253,414,-1
725,812,-1
68,849,-1
484,741,-1
455,544,-1
115,905,-1
472,968,-1
504,824,-1
144,339,-1
307,414,-1
96,228,-1
53,880,-1
70,166,-1
509,521,-1
578,779,-1
157,966,-1
334,578,-1
358,791,-1
32,653,-1
554,899,-1
158,611,-1
297,873,-1
750,862,-1
56,195,-1
348,884,-1
0,305,-1
562,979,-1
603,940,-1
549,614,-1
267,464,-1
538,911,-1
85,473,-1
534,997,-1
163,480,-1
150,630,-1
100,919,-1
346,584,-1
508,974,-1
468,491,-1
300,795,-1
449,962,-1
758,768,-1
68,728,-1
147,173,-1
269,289,-1
247,948,-1
471,942,-1
395,540,-1
211,555,-1
690,698,-1
661,879,-1
52,526,-1
126,856,-1
446,840,-1
143,459,-1
140,931,-1
280,511,-1
662,761,-1
58,943,-1
113,243,-1
394,620,-1
69,164,-1
761,992,-1
231,535,-1
18,602,-1
209,362,-1
64,508,-1
260,711,-1
646,906,-1
323,625,-1
432,890,-1
390,549,-1
47,79,-1
499,978,-1
415,981,-1
73,615,-1
27,242,-1
282,597,-1
326,492,-1
1,922,-1
634,862,-1
41,179,-1
703,896,-1
179,509,-1
462,803,-1
8,641,-1
446,455,-1
872,913,-1
236,836,-1
651,723,-1
228,986,-1
174,581,-1
118,423,-1
243,794,-1
308,786,-1
195,800,-1
175,592,-1
75,870,-1
198,610,-1
775,988,-1
421,865,-1
152,797,-1
372,833,-1
112,755,-1
229,766,-1
395,530,-1
152,978,-1
104,734,-1
237,303,-1
838,974,-1
37,306,-1
258,957,-1
329,393,-1
813,854,-1
458,534,-1
496,549,-1
589,893,-1
321,695,-1
373,751,-1
512,738,-1
549,864,-1
237,491,-1
193,245,-1
195,930,-1
234,495,-1
716,847,-1
324,796,-1
524,704,-1
892,967,-1
81,512,-1
64,88,-1
569,867,-1
848,900,-1
220,761,-1
578,956,-1
672,937,-1
523,916,-1
327,336,-1
250,304,-1
526,802,-1
265,304,-1
89,393,-1
364,597,-1
507,656,-1
496,782,-1
763,917,-1
518,961,-1
316,620,-1
302,355,-1
366,875,-1
606,662,-1
86,477,-1
605,890,-1
2,829,-1
215,438,-1
341,822,-1
607,875,-1
9,907,-1
50,987,-1
412,644,-1
676,743,-1
108,873,-1
393,876,-1
236,732,-1
484,990,-1
328,543,-1
311,635,-1
527,823,-1
164,261,-1
40,188,-1
504,968,-1
323,955,-1
278,735,-1
197,796,-1
319,327,-1
609,848,-1
237,916,-1
122,652,-1
53,963,-1
302,314,-1
462,820,-1
119,476,-1
344,451,-1
786,932,-1
748,951,-1
377,833,-1
536,991,-1
513,979,-1
73,950,-1
228,711,-1
495,929,-1
833,891,-1
156,670,-1
279,455,-1
273,694,-1
666,964,-1
92,549,-1
575,590,-1
123,694,-1
439,568,-1
3,799,-1
725,804,-1
160,421,-1
110,676,-1
118,306,-1
138,400,-1
265,533,-1
73,499,-1
245,964,-1
407,639,-1
447,893,-1
532,535,-1
527,975,-1
513,829,-1
443,948,-1
499,827,-1
842,880,-1
48,901,-1
542,768,-1
207,772,-1
75,832,-1
917,962,-1
347,891,-1
607,780,-1
562,804,-1
156,540,-1
673,935,-1
124,360,-1
258,528,-1
38,659,-1
331,488,-1
252,483,-1
29,832,-1
550,667,-1
792,890,-1
65,240,-1
344,785,-1
369,705,-1
133,191,-1
563,698,-1
368,920,-1
757,893,-1
245,486,-1
570,956,-1
143,752,-1
402,458,-1
984,998,-1
653,875,-1
275,541,-1
148,518,-1
302,342,-1
534,964,-1
359,565,-1
402,898,-1
76,785,-1
532,541,-1
151,493,-1
617,951,-1
213,326,-1
114,285,-1
421,463,-1
56,71,-1
12,148,-1
342,958,-1
14,265,-1
158,565,-1
539,963,-1
22,564,-1
314,763,-1
407,995,-1
86,575,-1
398,906,-1
249,752,-1
79,699,-1
3,410,-1
501,959,-1
592,799,-1
426,446,-1
111,664,-1
83,807,-1
529,582,-1
101,130,-1
294,432,-1
584,839,-1
718,726,-1
137,873,-1
207,280,-1
791,808,-1
384,651,-1
167,900,-1
164,613,-1
159,888,-1
232,860,-1
477,682,-1
484,554,-1
532,583,-1
503,878,-1
245,749,-1
244,973,-1
520,611,-1
380,684,-1
472,851,-1
200,268,-1
657,870,-1
662,671,-1
338,891,-1
223,561,-1
345,613,-1
536,595,-1
138,305,-1
331,532,-1
74,513,-1
34,696,-1
605,701,-1
38,432,-1
311,401,-1
358,587,-1
763,998,-1
371,666,-1
660,727,-1
67,778,-1
668,760,-1
717,763,-1
398,550,-1
90,237,-1
282,439,-1
260,807,-1
106,927,-1
513,795,-1
444,919,-1
749,885,-1
430,679,-1
520,663,-1
341,355,-1
508,668,-1
237,879,-1
428,519,-1
221,895,-1
248,781,-1
136,143,-1
484,825,-1
129,578,-1
131,955,-1
60,841,-1
57,865,-1
416,664,-1
337,517,-1
498,908,-1
833,999,-1
32,675,-1
510,665,-1
359,963,-1
249,301,-1
770,894,-1
225,801,-1
303,801,-1
46,939,-1
105,401,-1
159,869,-1
345,842,-1
149,796,-1
541,946,-1
102,356,-1
337,701,-1
287,954,-1
705,801,-1
6,951,-1
178,832,-1
174,588,-1
248,854,-1
312,417,-1
220,948,-1
632,917,-1
400,545,-1
54,999,-1
449,667,-1
16,229,-1
285,348,-1
144,629,-1
686,711,-1
68,729,-1
224,387,-1
434,674,-1
132,718,-1
367,777,-1
686,941,-1
512,642,-1
271,465,-1
465,671,-1
451,598,-1
152,692,-1
374,457,-1
79,666,-1
185,352,-1
651,981,-1
129,433,-1
346,965,-1
683,811,-1
500,718,-1
606,640,-1
63,212,-1
90,949,-1
430,536,-1
2,88,-1
281,607,-1
531,600,-1
137,972,-1
80,971,-1
619,675,-1
43,308,-1
139,494,-1
343,406,-1
570,716,-1
147,499,-1
192,376,-1
135,213,-1
420,644,-1
503,892,-1
585,969,-1
417,445,-1
765,899,-1
119,363,-1
223,272,-1
362,744,-1
225,883,-1
230,276,-1
150,786,-1
292,738,-1
114,816,-1
377,524,-1
474,906,-1
745,918,-1
224,965,-1
101,333,-1
708,785,-1
102,874,-1
57,161,-1
166,890,-1
855,950,-1
269,419,-1
105,904,-1
226,255,-1
831,972,-1
270,376,-1
724,965,-1
758,894,-1
628,970,-1
475,983,-1
54,403,-1
636,964,-1
359,982,-1
795,821,-1
422,454,-1
385,769,-1
892,996,-1
913,960,-1
185,320,-1
92,461,-1
193,502,-1
669,879,-1
377,701,-1
298,957,-1
89,689,-1
183,582,-1
1,121,-1
288,446,-1
38,682,-1
7,682,-1
455,905,-1
486,574,-1
411,455,-1
592,749,-1
160,850,-1
801,836,-1
472,963,-1
47,228,-1
61,790,-1
132,169,-1
388,746,-1
666,802,-1
10,597,-1
135,391,-1
259,783,-1
155,778,-1
27,560,-1
102,909,-1
31,676,-1
480,691,-1
225,803,-1
58,447,-1
78,185,-1
243,774,-1
384,924,-1
320,957,-1
437,755,-1
357,990,-1
95,583,-1
350,976,-1
9,871,-1
85,513,-1
618,958,-1
566,932,-1
759,986,-1
102,436,-1
142,526,-1
697,914,-1
133,161,-1
93,144,-1
254,549,-1
105,493,-1
125,440,-1
269,823,-1
794,946,-1
300,558,-1
285,687,-1
312,825,-1
313,905,-1
686,961,-1
701,854,-1
20,753,-1
287,856,-1
515,722,-1
570,890,-1
161,569,-1
474,506,-1
161,990,-1
407,781,-1
658,958,-1
0,319,-1
771,977,-1
222,242,-1
331,970,-1
403,732,-1
301,724,-1
899,905,-1
496,800,-1
561,887,-1
311,769,-1
193,328,-1
221,797,-1
293,641,-1
219,544,-1
67,326,-1
547,607,-1
141,840,-1
875,899,-1
818,890,-1
14,667,-1
492,953,-1
443,572,-1
154,547,-1
415,969,-1
773,973,-1
513,954,-1
470,686,-1
334,918,-1
174,448,-1
333,512,-1
28,510,-1
9,216,-1
502,753,-1
445,792,-1
422,455,-1
159,684,-1
201,402,-1
120,855,-1
124,831,-1
226,470,-1
292,302,-1
127,856,-1
113,410,-1
247,282,-1
215,760,-1
619,951,-1
279,511,-1
655,656,-1
151,440,-1
319,853,-1
722,972,-1
282,550,-1
709,714,-1
24,575,-1
40,511,-1
316,655,-1
414,760,-1
813,938,-1
2,410,-1
429,954,-1
397,473,-1
349,833,-1
752,956,-1
569,855,-1
784,970,-1
11,250,-1
196,804,-1
387,758,-1
292,533,-1
112,121,-1
67,898,-1
214,641,-1
571,597,-1
730,978,-1
296,523,-1
115,840,-1
595,750,-1
447,681,-1
217,948,-1
605,756,-1
79,290,-1
515,724,-1
518,885,-1
336,888,-1
851,993,-1
440,569,-1
45,762,-1
21,346,-1
753,824,-1
57,645,-1
399,922,-1
395,467,-1
37,558,-1
269,804,-1
407,537,-1
160,355,-1
99,916,-1
442,459,-1
84,806,-1
278,532,-1
322,356,-1
495,871,-1
30,277,-1
465,466,-1
101,256,-1
631,664,-1
426,593,-1
127,237,-1
656,979,-1
41,264,-1
747,873,-1
97,885,-1
363,652,-1
87,676,-1
473,853,-1
271,372,-1
413,748,-1
75,883,-1
137,610,-1
409,889,-1
275,981,-1
133,389,-1
479,674,-1
14,156,-1
272,899,-1
832,854,-1
161,900,-1
178,394,-1
290,797,-1
306,642,-1
344,803,-1
971,988,-1
92,253,-1
23,480,-1
328,453,-1
77,655,-1
114,604,-1
297,843,-1
673,945,-1
51,118,-1
90,584,-1
363,728,-1
319,452,-1
420,507,-1
78,784,-1
690,744,-1
536,688,-1
531,631,-1
433,706,-1
398,890,-1
448,839,-1
68,721,-1
181,780,-1
858,914,-1
389,666,-1
241,870,-1
95,415,-1
260,307,-1
167,675,-1
130,952,-1
349,957,-1
381,616,-1
466,830,-1
299,314,-1
348,500,-1
291,936,-1
410,932,-1
351,425,-1
913,986,-1
513,874,-1
264,524,-1
819,983,-1
413,961,-1
132,154,-1
114,138,-1
84,734,-1
113,292,-1
73,638,-1
872,916,-1
15,829,-1
846,933,-1
389,504,-1
151,621,-1
39,76,-1
826,907,-1
627,846,-1
118,181,-1
485,706,-1
197,450,-1
667,691,-1
65,581,-1
176,626,-1
183,317,-1
121,962,-1
222,950,-1
649,921,-1
59,923,-1
735,879,-1
158,808,-1
407,563,-1
57,176,-1
793,864,-1
19,724,-1
319,610,-1
294,425,-1
678,696,-1
835,980,-1
698,946,-1
906,925,-1
226,261,-1
410,959,-1
74,791,-1
599,743,-1
794,972,-1
909,952,-1
44,295,-1
576,625,-1
294,738,-1
706,734,-1
887,930,-1
705,894,-1
39,652,-1
128,140,-1
383,876,-1
623,865,-1
726,920,-1
67,674,-1
16,935,-1
256,739,-1
133,934,-1
97,825,-1
305,740,-1
466,915,-1
108,933,-1
605,934,-1
658,937,-1
637,819,-1
726,848,-1
29,827,-1
5,787,-1
693,712,-1
433,442,-1
28,915,-1
208,809,-1
442,821,-1
196,741,-1
37,625,-1
431,891,-1
11,34,-1
192,964,-1
357,833,-1
424,661,-1
469,488,-1
187,647,-1
103,247,-1
291,337,-1
671,962,-1
120,797,-1
355,852,-1
234,829,-1
499,688,-1
414,484,-1
458,581,-1
288,396,-1
591,982,-1
206,548,-1
78,399,-1
375,476,-1
739,941,-1
684,875,-1
217,444,-1
306,359,-1
380,631,-1
52,819,-1
340,912,-1
293,741,-1
106,713,-1
159,634,-1
182,815,-1
54,682,-1
528,753,-1
304,705,-1
519,771,-1
317,754,-1
422,491,-1
647,651,-1
95,705,-1
386,681,-1
496,805,-1
102,882,-1
422,656,-1
561,824,-1
345,393,-1
538,680,-1
347,563,-1
20,639,-1
734,814,-1
242,342,-1
496,585,-1
125,807,-1
121,736,-1
282,791,-1
504,625,-1
156,525,-1
505,936,-1
650,960,-1
49,809,-1
576,746,-1
5,556,-1
478,798,-1
559,883,-1
314,351,-1
11,196,-1
79,764,-1
233,266,-1
344,349,-1
4,312,-1
418,948,-1
118,708,-1
359,685,-1
255,532,-1
682,977,-1
246,294,-1
471,502,-1
541,580,-1
511,627,-1
136,391,-1
469,810,-1
575,627,-1
93,386,-1
569,727,-1
63,698,-1
349,609,-1
138,603,-1
283,383,-1
304,526,-1
377,810,-1
413,862,-1
721,872,-1
411,882,-1
690,900,-1
65,418,-1
305,472,-1
463,594,-1
800,967,-1
511,869,-1
158,505,-1
359,672,-1
166,901,-1
221,508,-1
738,876,-1
79,111,-1
208,825,-1
158,743,-1
44,161,-1
5,981,-1
66,414,-1
628,761,-1
63,784,-1
13,716,-1
242,971,-1
446,847,-1
94,300,-1
666,833,-1
347,859,-1
896,939,-1
387,616,-1
309,639,-1
235,376,-1
134,329,-1
545,887,-1
379,691,-1
87,565,-1
12,257,-1
973,999,-1
403,761,-1
253,805,-1
207,801,-1
534,795,-1
188,560,-1
149,205,-1
645,800,-1
349,913,-1
121,382,-1
6,190,-1
176,962,-1
819,832,-1
363,410,-1
897,898,-1
383,882,-1
18,248,-1
646,862,-1
9,611,-1
799,915,-1
710,862,-1
132,150,-1
661,777,-1
337,652,-1
604,882,-1
452,828,-1
212,739,-1
394,922,-1
378,657,-1
150,252,-1
633,992,-1
210,442,-1
430,635,-1
28,470,-1
42,926,-1
171,391,-1
494,513,-1
64,349,-1
474,614,-1
312,713,-1
204,748,-1
225,437,-1
223,841,-1
570,920,-1
156,878,-1
738,826,-1
114,204,-1
63,186,-1
18,717,-1
525,543,-1
494,949,-1
696,805,-1
678,756,-1
84,521,-1
338,653,-1
477,672,-1
134,836,-1
620,967,-1
270,333,-1
550,654,-1
789,911,-1
0,105,-1
598,651,-1
691,955,-1
306,497,-1
368,531,-1
62,637,-1
543,818,-1
855,897,-1
422,907,-1
128,669,-1
121,840,-1
138,955,-1
17,634,-1
414,482,-1
254,669,-1
91,170,-1
116,785,-1
91,209,-1
126,752,-1
665,991,-1
730,822,-1
242,301,-1
508,643,-1
218,597,-1
432,911,-1
69,698,-1
280,663,-1
729,739,-1
381,795,-1
310,802,-1
281,712,-1
86,812,-1
2,882,-1
143,193,-1
406,414,-1
721,980,-1
197,507,-1
443,450,-1
391,749,-1
118,725,-1
512,657,-1
102,190,-1
349,914,-1
0,724,-1
197,709,-1
586,625,-1
8,422,-1
562,998,-1
365,460,-1
120,144,-1
413,486,-1
314,747,-1
523,582,-1
119,490,-1
113,808,-1
257,689,-1
478,739,-1
215,973,-1
664,942,-1
258,677,-1
543,963,-1
515,912,-1
608,651,-1
645,881,-1
107,316,-1
180,663,-1
129,685,-1
492,940,-1
431,792,-1
132,727,-1
23,521,-1
7,171,-1
467,647,-1
29,797,-1
146,575,-1
31,932,-1
45,651,-1
50,568,-1
240,487,-1
558,784,-1
624,764,-1
226,262,-1
105,541,-1
483,992,-1
352,800,-1
54,301,-1
333,410,-1
728,817,-1
661,870,-1
134,147,-1
57,616,-1
231,538,-1
520,797,-1
130,291,-1
469,875,-1
300,451,-1
199,691,-1
253,695,-1
134,795,-1
568,614,-1
380,833,-1
602,950,-1
433,455,-1
658,914,-1
348,695,-1
50,178,-1
24,872,-1
629,634,-1
86,195,-1
313,851,-1
267,757,-1
289,483,-1
68,511,-1
183,559,-1
984,993,-1
296,339,-1
235,261,-1
361,985,-1
53,539,-1
370,586,-1
218,860,-1
177,394,-1
788,884,-1
97,662,-1
405,745,-1
476,782,-1
506,977,-1
740,989,-1
126,896,-1
366,573,-1
20,892,-1
648,750,-1
277,789,-1
409,848,-1
370,804,-1
45,500,-1
370,943,-1
76,148,-1
301,394,-1
212,483,-1
302,531,-1
231,276,-1
424,793,-1
477,732,-1
687,875,-1
248,675,-1
55,704,-1
605,662,-1
91,308,-1
394,980,-1
544,707,-1
316,420,-1
355,742,-1
425,778,-1
485,504,-1
731,823,-1
306,751,-1
183,930,-1
101,868,-1
17,155,-1
286,954,-1
31,373,-1
443,616,-1
76,312,-1
181,453,-1
413,900,-1
533,839,-1
637,655,-1
177,939,-1
79,112,-1
867,904,-1
423,641,-1
28,286,-1
264,486,-1
35,443,-1
659,677,-1
299,815,-1
278,541,-1
13,852,-1
510,743,-1
433,579,-1
561,779,-1
486,540,-1
389,493,-1
449,791,-1
234,921,-1
66,211,-1
179,751,-1
770,850,-1
70,571,-1
498,631,-1
729,866,-1
524,541,-1
229,367,-1
982,984,-1
318,704,-1
840,861,-1
277,660,-1
201,489,-1
233,558,-1
0,340,-1
482,712,-1
208,971,-1
456,831,-1
530,620,-1
299,827,-1
118,391,-1
273,648,-1
749,780,-1
354,650,-1
611,708,-1
643,724,-1
505,608,-1
547,568,-1
338,960,-1
71,798,-1
286,712,-1
496,945,-1
298,367,-1
56,562,-1
560,849,-1
864,948,-1
609,901,-1
586,708,-1
287,566,-1
342,418,-1
202,218,-1
216,874,-1
314,400,-1
681,833,-1
275,856,-1
97,572,-1
392,759,-1
557,994,-1
593,998,-1
349,530,-1
164,809,-1
208,353,-1
270,826,-1
582,805,-1
485,679,-1
859,976,-1
807,890,-1
65,121,-1
641,708,-1
595,892,-1
237,949,-1
19,632,-1
421,707,-1
379,447,-1
195,962,-1
171,546,-1
115,927,-1
208,430,-1
96,698,-1
37,101,-1
255,995,-1
5,731,-1
474,498,-1
326,970,-1
146,540,-1
807,826,-1
454,829,-1
537,972,-1
136,467,-1
252,868,-1
343,490,-1
60,177,-1
92,639,-1
444,520,-1
197,682,-1
540,923,-1
177,341,-1
310,795,-1
689,848,-1
652,826,-1
79,889,-1
289,508,-1
913,922,-1
199,638,-1
295,377,-1
762,968,-1
73,184,-1
199,964,-1
127,691,-1
561,627,-1
235,384,-1
529,879,-1
41,269,-1
634,751,-1
422,495,-1
56,734,-1
35,366,-1
175,694,-1
683,775,-1
9,737,-1
757,836,-1
246,736,-1
308,491,-1
575,912,-1
86,361,-1
58,598,-1
162,565,-1
97,156,-1
961,984,-1
208,568,-1
491,991,-1
167,576,-1
541,932,-1
534,742,-1
48,968,-1
406,723,-1
327,520,-1
276,925,-1
114,970,-1
453,599,-1
199,981,-1
887,955,-1
33,516,-1
123,523,-1
297,451,-1
270,298,-1
464,915,-1
177,211,-1
146,522,-1
220,815,-1
642,947,-1
561,859,-1
572,919,-1
25,156,-1
600,937,-1
668,881,-1
148,325,-1
443,973,-1
838,852,-1
446,593,-1
696,955,-1
287,853,-1
541,960,-1
467,698,-1
573,631,-1
163,956,-1
89,456,-1
376,969,-1
780,905,-1
217,711,-1
699,709,-1
704,958,-1
13,565,-1
273,865,-1
830,846,-1
231,566,-1
22,292,-1
277,381,-1
640,988,-1
109,812,-1
606,864,-1
60,399,-1
135,247,-1
551,637,-1
91,194,-1
36,441,-1
3,104,-1
601,801,-1
651,802,-1
341,544,-1
903,962,-1
59,72,-1
420,448,-1
524,573,-1
608,987,-1
36,584,-1
203,602,-1
459,957,-1
613,627,-1
883,964,-1
375,971,-1
45,938,-1
468,529,-1
408,704,-1
153,614,-1
740,784,-1
511,751,-1
668,684,-1
417,993,-1
730,896,-1
637,848,-1
364,738,-1
717,854,-1
168,811,-1
880,995,-1
45,722,-1
226,677,-1
165,388,-1
197,677,-1
256,324,-1
386,891,-1
508,756,-1
409,978,-1
683,760,-1
104,362,-1
487,885,-1
203,307,-1
74,702,-1
587,813,-1
330,416,-1
191,586,-1
307,769,-1
450,553,-1
145,599,-1
822,846,-1
429,678,-1
581,593,-1
94,177,-1
473,661,-1
561,868,-1
430,841,-1
343,666,-1
200,698,-1
680,849,-1
629,807,-1
109,932,-1
61,494,-1
299,627,-1
250,865,-1
200,556,-1
400,995,-1
155,889,-1
841,975,-1
105,173,-1
527,643,-1
297,925,-1
222,263,-1
140,754,-1
233,364,-1
291,867,-1
434,921,-1
525,592,-1
371,752,-1
215,544,-1
242,876,-1
639,657,-1
253,403,-1
314,455,-1
467,914,-1
387,930,-1
637,744,-1
359,757,-1
315,708,-1
206,954,-1
106,683,-1
220,530,-1
507,792,-1
253,683,-1
157,709,-1
554,900,-1
28,774,-1
435,646,-1
233,684,-1
99,802,-1
429,443,-1
498,986,-1
209,530,-1
443,523,-1
77,494,-1
36,708,-1
318,726,-1
664,909,-1
597,910,-1
48,730,-1
125,670,-1
69,949,-1
369,609,-1
249,518,-1
41,455,-1
316,826,-1
52,863,-1
226,549,-1
768,993,-1
382,636,-1
130,588,-1
456,982,-1
262,690,-1
585,904,-1
195,621,-1
571,974,-1
423,700,-1
528,780,-1
115,676,-1
31,871,-1
443,603,-1
129,605,-1
325,815,-1
563,632,-1
302,467,-1
707,811,-1
134,161,-1
814,829,-1
143,911,-1
408,426,-1
40,314,-1
86,933,-1
95,866,-1
29,812,-1
848,915,-1
39,799,-1
154,288,-1
822,838,-1
146,226,-1
242,552,-1
556,764,-1
481,554,-1
437,524,-1
685,782,-1
384,543,-1
150,544,-1
400,943,-1
8,273,-1
556,702,-1
404,941,-1
788,994,-1
405,451,-1
39,777,-1
166,886,-1
40,413,-1
152,478,-1
464,961,-1
32,563,-1
449,476,-1
379,963,-1
426,443,-1
328,695,-1
779,839,-1
510,667,-1
14,879,-1
256,834,-1
332,916,-1
223,408,-1
278,611,-1
826,996,-1
357,761,-1
66,916,-1
461,832,-1
406,640,-1
300,379,-1
386,574,-1
251,619,-1
642,919,-1
933,956,-1
95,952,-1
214,586,-1
67,347,-1
383,561,-1
657,842,-1
322,409,-1
17,648,-1
34,426,-1
494,600,-1
677,811,-1
611,734,-1
556,830,-1
187,735,-1
2,240,-1
130,749,-1
508,810,-1
252,346,-1
494,654,-1
575,940,-1
218,923,-1
62,430,-1
394,786,-1
321,967,-1
539,786,-1
140,592,-1
21,966,-1
655,909,-1
838,854,-1
470,951,-1
199,369,-1
284,441,-1
132,460,-1
849,914,-1
576,913,-1
5,485,-1
266,315,-1
353,812,-1
42,757,-1
185,416,-1
583,746,-1
170,640,-1
351,427,-1
891,903,-1
780,920,-1
44,880,-1
758,981,-1
387,611,-1
840,958,-1
216,262,-1
274,590,-1
254,949,-1
22,985,-1
750,848,-1
467,586,-1
133,747,-1
85,223,-1
112,960,-1
108,295,-1
290,673,-1
111,843,-1
91,662,-1
310,850,-1
165,839,-1
125,832,-1
136,278,-1
12,983,-1
137,793,-1
52,346,-1
250,612,-1
399,546,-1
155,923,-1
4,392,-1
115,231,-1
697,992,-1
735,920,-1
113,193,-1
525,540,-1
739,785,-1
410,956,-1
90,494,-1
405,821,-1
790,977,-1
74,195,-1
134,216,-1
352,387,-1
417,997,-1
437,819,-1
669,907,-1
688,695,-1
642,990,-1
130,937,-1
16,820,-1
316,928,-1
320,506,-1
468,603,-1
86,958,-1
122,733,-1
249,907,-1
679,865,-1
580,839,-1
30,886,-1
214,595,-1
466,480,-1
167,564,-1
430,896,-1
206,619,-1
379,804,-1
793,896,-1
775,833,-1
133,835,-1
287,737,-1
226,936,-1
639,964,-1
180,724,-1
194,518,-1
764,976,-1
206,252,-1
83,608,-1
446,541,-1
514,546,-1
12,988,-1
14,387,-1
198,724,-1
711,859,-1
346,607,-1
482,719,-1
172,703,-1
141,334,-1
490,886,-1
608,639,-1
745,949,-1
371,721,-1
433,632,-1
35,267,-1
455,464,-1
8,890,-1
595,914,-1
388,687,-1
972,997,-1
78,576,-1
168,663,-1
341,915,-1
220,856,-1
311,313,-1
127,388,-1
524,533,-1
694,992,-1
57,952,-1
357,649,-1
312,388,-1
603,903,-1
426,638,-1
32,318,-1
149,958,-1
752,877,-1
139,565,-1
447,917,-1
214,854,-1
319,518,-1
289,487,-1
223,451,-1
111,888,-1
66,895,-1
305,422,-1
108,200,-1
176,586,-1
572,878,-1
156,662,-1
589,604,-1
682,795,-1
282,561,-1
258,344,-1
213,693,-1
165,341,-1
735,950,-1
108,783,-1
29,461,-1
151,861,-1
74,398,-1
286,830,-1
305,592,-1
514,592,-1
410,765,-1
454,626,-1
189,941,-1
149,577,-1
108,985,-1
244,582,-1
58,70,-1
113,798,-1
502,669,-1
30,164,-1
266,514,-1
60,858,-1
332,905,-1
232,456,-1
350,554,-1
172,973,-1
313,402,-1
53,95,-1
217,710,-1
236,757,-1
265,609,-1
375,489,-1
100,182,-1
17,462,-1
187,833,-1
34,170,-1
183,756,-1
529,728,-1
308,324,-1
416,981,-1
273,612,-1
47,107,-1
173,759,-1
114,560,-1
295,929,-1
736,820,-1
397,960,-1
359,706,-1
702,833,-1
180,884,-1
617,846,-1
112,685,-1
151,363,-1
124,668,-1
663,950,-1
829,948,-1
134,364,-1
131,645,-1
186,277,-1
260,451,-1
138,522,-1
322,445,-1
561,857,-1
18,676,-1
346,999,-1
181,856,-1
116,453,-1
187,343,-1
379,582,-1
59,821,-1
399,794,-1
212,601,-1
453,852,-1
67,805,-1
199,932,-1
448,722,-1
575,939,-1
546,574,-1
636,993,-1
690,717,-1
137,531,-1
549,930,-1
96,307,-1
47,795,-1
131,878,-1
137,632,-1
238,249,-1
359,437,-1
192,797,-1
181,376,-1
60,895,-1
297,388,-1
306,411,-1
80,101,-1
261,316,-1
411,513,-1
349,614,-1
163,347,-1
377,383,-1
35,540,-1
495,734,-1
194,843,-1
285,735,-1
432,983,-1
503,572,-1
575,581,-1
348,494,-1
122,956,-1
157,811,-1
238,791,-1
35,341,-1
611,613,-1
234,524,-1
200,491,-1
257,752,-1
351,930,-1
811,970,-1
617,744,-1
496,685,-1
287,957,-1
162,362,-1
112,181,-1
593,615,-1
102,783,-1
903,905,-1
248,576,-1
297,569,-1
530,824,-1
78,776,-1
14,338,-1
118,507,-1
96,320,-1
391,499,-1
247,680,-1
81,681,-1
8,267,-1
60,698,-1
48,719,-1
76,238,-1
220,238,-1
419,622,-1
302,609,-1
52,65,-1
84,247,-1
377,395,-1
88,463,-1
579,806,-1
257,515,-1
288,804,-1
185,239,-1
358,766,-1
116,158,-1
395,966,-1
19,146,-1
279,354,-1
687,732,-1
138,850,-1
495,907,-1
372,638,-1
750,754,-1
316,370,-1
485,673,-1
478,733,-1
148,453,-1
591,910,-1
369,699,-1
734,936,-1
76,709,-1
498,952,-1
653,918,-1
355,581,-1
287,529,-1
182,657,-1
319,963,-1
174,460,-1
283,572,-1
291,452,-1
618,988,-1
276,697,-1
66,94,-1
210,405,-1
100,299,-1
387,597,-1
28,495,-1
231,887,-1
138,905,-1
298,791,-1
630,986,-1
2,405,-1
553,885,-1
22,796,-1
404,697,-1
22,119,-1
110,521,-1
520,969,-1
106,346,-1
92,772,-1
780,927,-1
750,843,-1
59,201,-1
65,375,-1
487,611,-1
984,990,-1
659,724,-1
483,493,-1
236,738,-1
15,566,-1
414,494,-1
33,320,-1
159,542,-1
76,664,-1
678,901,-1
172,332,-1
210,923,-1
162,839,-1
575,803,-1
451,950,-1
326,487,-1
683,732,-1
449,621,-1
508,602,-1
316,956,-1
231,751,-1
69,75,-1
32,441,-1
226,809,-1
269,849,-1
572,824,-1
954,990,-1
115,687,-1
256,354,-1
274,323,-1
897,948,-1
62,248,-1
141,332,-1
461,936,-1
284,891,-1
165,608,-1
626,982,-1
469,644,-1
379,684,-1
45,529,-1
521,567,-1
113,698,-1
17,52,-1
226,372,-1
522,675,-1
119,577,-1
28,679,-1
460,850,-1
146,539,-1
598,766,-1
502,995,-1
224,819,-1
493,746,-1
215,724,-1
24,816,-1
198,977,-1
275,653,-1
812,880,-1
398,466,-1
123,455,-1
57,936,-1
529,866,-1
46,828,-1
532,761,-1
207,549,-1
313,934,-1
167,514,-1
133,843,-1
218,555,-1
131,844,-1
350,962,-1
600,845,-1
977,978,-1
569,722,-1
262,274,-1
374,678,-1
73,397,-1
409,758,-1
210,463,-1
298,727,-1
1,987,-1
80,653,-1
478,833,-1
442,791,-1
527,936,-1
217,719,-1
210,642,-1
135,477,-1
629,778,-1
117,952,-1
659,980,-1
19,355,-1
235,908,-1
98,124,-1
19,693,-1
273,552,-1
109,586,-1
470,914,-1
684,881,-1
353,453,-1
701,809,-1
262,586,-1
652,771,-1
269,305,-1
420,938,-1
141,248,-1
266,305,-1
485,638,-1
75,539,-1
49,340,-1
257,360,-1
149,224,-1
95,428,-1
504,653,-1
454,514,-1
222,495,-1
354,925,-1
100,366,-1
507,948,-1
396,479,-1
710,933,-1
155,855,-1
90,604,-1
89,318,-1
348,524,-1
56,260,-1
323,855,-1
569,689,-1
36,138,-1
224,676,-1
496,837,-1
773,912,-1
203,891,-1
952,976,-1
608,726,-1
363,682,-1
382,477,-1
427,651,-1
58,225,-1
44,637,-1
146,709,-1
398,544,-1
175,874,-1
703,705,-1
29,246,-1
233,785,-1
244,651,-1
570,805,-1
11,368,-1
51,710,-1
292,899,-1
178,499,-1
275,790,-1
393,933,-1
645,864,-1
276,600,-1
117,358,-1
817,994,-1
92,935,-1
792,898,-1
44,710,-1
40,335,-1
230,839,-1
86,383,-1
20,487,-1
483,945,-1
535,904,-1
159,438,-1
715,788,-1
110,226,-1
108,285,-1
397,577,-1
195,991,-1
428,939,-1
309,889,-1
54,948,-1
263,378,-1
394,501,-1
701,763,-1
725,939,-1
164,511,-1
347,875,-1
266,650,-1
516,972,-1
330,820,-1
506,567,-1
35,533,-1
120,372,-1
173,868,-1
748,795,-1
218,858,-1
26,476,-1
299,785,-1
629,891,-1
492,585,-1
579,912,-1
98,810,-1
317,472,-1
433,798,-1
484,508,-1
64,691,-1
156,874,-1
247,316,-1
405,653,-1
43,366,-1
26,106,-1
477,772,-1
724,732,-1
340,381,-1
163,640,-1
221,834,-1
